Workbook
Name Slicer_Month1: #N/A
Name Slicer_Scenario: #N/A
Name Slicer_Year: #N/A

Sheet Raw_Data
A1: Year | B1: Month | C1: EnglishProductCategoryName | D1: Revenue | E1: Cost | F1: Profit
A2: 2013 | B2: 12 | C2: Accessories | D2: 4.99 | E2: 1.8663 | F2: 3.1237
A3: 2013 | B3: 12 | C3: Accessories | D3: 4.99 | E3: 1.8663 | F3: 3.1237
A4: 2013 | B4: 12 | C4: Accessories | D4: 4.99 | E4: 1.8663 | F4: 3.1237
A5: 2013 | B5: 12 | C5: Accessories | D5: 4.99 | E5: 1.8663 | F5: 3.1237
A6: 2013 | B6: 12 | C6: Accessories | D6: 4.99 | E6: 1.8663 | F6: 3.1237
A7: 2013 | B7: 12 | C7: Accessories | D7: 4.99 | E7: 1.8663 | F7: 3.1237
A8: 2013 | B8: 12 | C8: Accessories | D8: 4.99 | E8: 1.8663 | F8: 3.1237
A9: 2013 | B9: 12 | C9: Accessories | D9: 4.99 | E9: 1.8663 | F9: 3.1237
A10: 2013 | B10: 12 | C10: Accessories | D10: 4.99 | E10: 1.8663 | F10: 3.1237
A11: 2013 | B11: 12 | C11: Accessories | D11: 4.99 | E11: 1.8663 | F11: 3.1237
A12: 2013 | B12: 12 | C12: Accessories | D12: 4.99 | E12: 1.8663 | F12: 3.1237
A13: 2013 | B13: 12 | C13: Accessories | D13: 4.99 | E13: 1.8663 | F13: 3.1237
... A60399: 2014 | B60399: 1 | C60399: Accessories | D60399: 4.99 | E60399: 1.8663 | F60399: 3.1237

Sheet Scenario_Data
A1: ScenarioName | B1: Year | C1: Month | D1: ActualRevenue | E1: ActualCost | F1: ScenarioRevenue | G1: ScenarioCost | H1: ScenarioProfit
A2: Base | B2: 2013 | C2: 6 | D2: 1643177.8 | E2: 966499.99 | F2: 1725336.7 | G2: 995494.99 | H2: 729841.67
A3: Best | B3: 2013 | C3: 6 | D3: 1643177.8 | E3: 966499.99 | F3: 1807495.6 | G3: 985829.99 | H3: 821665.56
A4: Worst | B4: 2013 | C4: 6 | D4: 1643177.8 | E4: 966499.99 | F4: 1610314.2 | G4: 1014825 | H4: 595489.23
A5: Base | B5: 2013 | C5: 6 | D5: 1643177.8 | E5: 966499.99 | F5: 1725336.7 | G5: 995494.99 | H5: 729841.67
A6: Best | B6: 2013 | C6: 6 | D6: 1643177.8 | E6: 966499.99 | F6: 1807495.6 | G6: 985829.99 | H6: 821665.56
A7: Worst | B7: 2013 | C7: 6 | D7: 1643177.8 | E7: 966499.99 | F7: 1610314.2 | G7: 1014825 | H7: 595489.23
A8: Base | B8: 2013 | C8: 6 | D8: 1643177.8 | E8: 966499.99 | F8: 1725336.7 | G8: 995494.99 | H8: 729841.67
A9: Best | B9: 2013 | C9: 6 | D9: 1643177.8 | E9: 966499.99 | F9: 1807495.6 | G9: 985829.99 | H9: 821665.56
A10: Worst | B10: 2013 | C10: 6 | D10: 1643177.8 | E10: 966499.99 | F10: 1610314.2 | G10: 1014825 | H10: 595489.23
A11: Base | B11: 2013 | C11: 6 | D11: 1643177.8 | E11: 966499.99 | F11: 1725336.7 | G11: 995494.99 | H11: 729841.67
A12: Best | B12: 2013 | C12: 6 | D12: 1643177.8 | E12: 966499.99 | F12: 1807495.6 | G12: 985829.99 | H12: 821665.56
A13: Worst | B13: 2013 | C13: 6 | D13: 1643177.8 | E13: 966499.99 | F13: 1610314.2 | G13: 1014825 | H13: 595489.23
... A457: Worst | B457: 2010 | C457: 12 | D457: 43421.036 | E457: 25572.064 | F457: 42552.616 | G457: 26850.667 | H457: 15701.948

Sheet Mapping

Sheet Calculations
A1: Year | B1: Month | C1: Scenario | D1: Actual Revenue | E1: Scenario Revenue | F1: Cost | G1: Profit | H1: Variance | I1: Variance %
A2: 2010 | B2: 12 | C2: Best | D2: =SUMIFS(Actuals[Revenue],Actuals[Year],A2,Actuals[Month],B2) -> 43421.036 | E2: =SUMIFS(Scenarios[ScenarioRevenue],Scenarios[Year],Calculations!A2,Scenarios[Month],Calculations!B2,Scenarios[ScenarioName],Calculations!C2) -> 191052.56 | F2: =SUMIFS(Scenarios[ScenarioCost],Scenarios[Year],A2,Scenarios[Month],B2,Scenarios[ScenarioName],C2) -> 104334.02 | G2: =E2 - F2 -> 86718.539 | H2: =E2 - D2 -> 147631.52 | I2: =IF(D2=0,"",(E2-D2)/D2) -> 3.4
A3: 2010 | B3: 12 | C3: Worst | D3: =SUMIFS(Actuals[Revenue],Actuals[Year],A3,Actuals[Month],B3) -> 43421.036 | E3: =SUMIFS(Scenarios[ScenarioRevenue],Scenarios[Year],Calculations!A3,Scenarios[Month],Calculations!B3,Scenarios[ScenarioName],Calculations!C3) -> 170210.46 | F3: =SUMIFS(Scenarios[ScenarioCost],Scenarios[Year],A3,Scenarios[Month],B3,Scenarios[ScenarioName],C3) -> 107402.67 | G3: =E3 - F3 -> 62807.794 | H3: =E3 - D3 -> 126789.43 | I3: =IF(D3=0,"",(E3-D3)/D3) -> 2.92
A4: 2011 | B4: 1 | C4: Base | D4: =SUMIFS(Actuals[Revenue],Actuals[Year],A4,Actuals[Month],B4) -> 469823.91 | E4: =SUMIFS(Scenarios[ScenarioRevenue],Scenarios[Year],Calculations!A4,Scenarios[Month],Calculations!B4,Scenarios[ScenarioName],Calculations!C4) -> 1973260.4 | F4: =SUMIFS(Scenarios[ScenarioCost],Scenarios[Year],A4,Scenarios[Month],B4,Scenarios[ScenarioName],C4) -> 1157195.7 | G4: =E4 - F4 -> 816064.76 | H4: =E4 - D4 -> 1503436.5 | I4: =IF(D4=0,"",(E4-D4)/D4) -> 3.2
A5: 2011 | B5: 1 | C5: Best | D5: =SUMIFS(Actuals[Revenue],Actuals[Year],A5,Actuals[Month],B5) -> 469823.91 | E5: =SUMIFS(Scenarios[ScenarioRevenue],Scenarios[Year],Calculations!A5,Scenarios[Month],Calculations!B5,Scenarios[ScenarioName],Calculations!C5) -> 2067225.2 | F5: =SUMIFS(Scenarios[ScenarioCost],Scenarios[Year],A5,Scenarios[Month],B5,Scenarios[ScenarioName],C5) -> 1145960.8 | G5: =E5 - F5 -> 921264.45 | H5: =E5 - D5 -> 1597401.3 | I5: =IF(D5=0,"",(E5-D5)/D5) -> 3.4
A6: 2011 | B6: 1 | C6: Worst | D6: =SUMIFS(Actuals[Revenue],Actuals[Year],A6,Actuals[Month],B6) -> 469823.91 | E6: =SUMIFS(Scenarios[ScenarioRevenue],Scenarios[Year],Calculations!A6,Scenarios[Month],Calculations!B6,Scenarios[ScenarioName],Calculations!C6) -> 1841709.7 | F6: =SUMIFS(Scenarios[ScenarioCost],Scenarios[Year],A6,Scenarios[Month],B6,Scenarios[ScenarioName],C6) -> 1179665.5 | G6: =E6 - F6 -> 662044.24 | H6: =E6 - D6 -> 1371885.8 | I6: =IF(D6=0,"",(E6-D6)/D6) -> 2.92
A7: 2011 | B7: 2 | C7: Base | D7: =SUMIFS(Actuals[Revenue],Actuals[Year],A7,Actuals[Month],B7) -> 466334.9 | E7: =SUMIFS(Scenarios[ScenarioRevenue],Scenarios[Year],Calculations!A7,Scenarios[Month],Calculations!B7,Scenarios[ScenarioName],Calculations!C7) -> 1958606.6 | F7: =SUMIFS(Scenarios[ScenarioCost],Scenarios[Year],A7,Scenarios[Month],B7,Scenarios[ScenarioName],C7) -> 1146575.4 | G7: =E7 - F7 -> 812031.22 | H7: =E7 - D7 -> 1492271.7 | I7: =IF(D7=0,"",(E7-D7)/D7) -> 3.2
A8: 2011 | B8: 2 | C8: Best | D8: =SUMIFS(Actuals[Revenue],Actuals[Year],A8,Actuals[Month],B8) -> 466334.9 | E8: =SUMIFS(Scenarios[ScenarioRevenue],Scenarios[Year],Calculations!A8,Scenarios[Month],Calculations!B8,Scenarios[ScenarioName],Calculations!C8) -> 2051873.6 | F8: =SUMIFS(Scenarios[ScenarioCost],Scenarios[Year],A8,Scenarios[Month],B8,Scenarios[ScenarioName],C8) -> 1135443.6 | G8: =E8 - F8 -> 916430 | H8: =E8 - D8 -> 1585538.7 | I8: =IF(D8=0,"",(E8-D8)/D8) -> 3.4
A9: 2011 | B9: 2 | C9: Worst | D9: =SUMIFS(Actuals[Revenue],Actuals[Year],A9,Actuals[Month],B9) -> 466334.9 | E9: =SUMIFS(Scenarios[ScenarioRevenue],Scenarios[Year],Calculations!A9,Scenarios[Month],Calculations!B9,Scenarios[ScenarioName],Calculations!C9) -> 1828032.8 | F9: =SUMIFS(Scenarios[ScenarioCost],Scenarios[Year],A9,Scenarios[Month],B9,Scenarios[ScenarioName],C9) -> 1168839 | G9: =E9 - F9 -> 659193.85 | H9: =E9 - D9 -> 1361697.9 | I9: =IF(D9=0,"",(E9-D9)/D9) -> 2.92
A10: 2011 | B10: 3 | C10: Base | D10: =SUMIFS(Actuals[Revenue],Actuals[Year],A10,Actuals[Month],B10) -> 485198.66 | E10: =SUMIFS(Scenarios[ScenarioRevenue],Scenarios[Year],Calculations!A10,Scenarios[Month],Calculations!B10,Scenarios[ScenarioName],Calculations!C10) -> 2037834.4 | F10: =SUMIFS(Scenarios[ScenarioCost],Scenarios[Year],A10,Scenarios[Month],B10,Scenarios[ScenarioName],C10) -> 1203540.2 | G10: =E10 - F10 -> 834294.13 | H10: =E10 - D10 -> 1552635.7 | I10: =IF(D10=0,"",(E10-D10)/D10) -> 3.2
A11: 2011 | B11: 3 | C11: Best | D11: =SUMIFS(Actuals[Revenue],Actuals[Year],A11,Actuals[Month],B11) -> 485198.66 | E11: =SUMIFS(Scenarios[ScenarioRevenue],Scenarios[Year],Calculations!A11,Scenarios[Month],Calculations!B11,Scenarios[ScenarioName],Calculations!C11) -> 2134874.1 | F11: =SUMIFS(Scenarios[ScenarioCost],Scenarios[Year],A11,Scenarios[Month],B11,Scenarios[ScenarioName],C11) -> 1191855.4 | G11: =E11 - F11 -> 943018.71 | H11: =E11 - D11 -> 1649675.4 | I11: =IF(D11=0,"",(E11-D11)/D11) -> 3.4
A12: 2011 | B12: 3 | C12: Worst | D12: =SUMIFS(Actuals[Revenue],Actuals[Year],A12,Actuals[Month],B12) -> 485198.66 | E12: =SUMIFS(Scenarios[ScenarioRevenue],Scenarios[Year],Calculations!A12,Scenarios[Month],Calculations!B12,Scenarios[ScenarioName],Calculations!C12) -> 1901978.7 | F12: =SUMIFS(Scenarios[ScenarioCost],Scenarios[Year],A12,Scenarios[Month],B12,Scenarios[ScenarioName],C12) -> 1226910 | G12: =E12 - F12 -> 675068.79 | H12: =E12 - D12 -> 1416780.1 | I12: =IF(D12=0,"",(E12-D12)/D12) -> 2.92
A13: 2011 | B13: 4 | C13: Base | D13: =SUMIFS(Actuals[Revenue],Actuals[Year],A13,Actuals[Month],B13) -> 502073.85 | E13: =SUMIFS(Scenarios[ScenarioRevenue],Scenarios[Year],Calculations!A13,Scenarios[Month],Calculations!B13,Scenarios[ScenarioName],Calculations!C13) -> 2108710.2 | F13: =SUMIFS(Scenarios[ScenarioCost],Scenarios[Year],A13,Scenarios[Month],B13,Scenarios[ScenarioName],C13) -> 1238224.2 | G13: =E13 - F13 -> 870485.99 | H13: =E13 - D13 -> 1606636.3 | I13: =IF(D13=0,"",(E13-D13)/D13) -> 3.2
... A114: 2014 | B114: 1 | C114: Worst | D114: =SUMIFS(Actuals[Revenue],Actuals[Year],A114,Actuals[Month],B114) -> 45694.72 | E114: =SUMIFS(Scenarios[ScenarioRevenue],Scenarios[Year],Calculations!A114,Scenarios[Month],Calculations!B114,Scenarios[ScenarioName],Calculations!C114) -> 179123.3 | F114: =SUMIFS(Scenarios[ScenarioCost],Scenarios[Year],A114,Scenarios[Month],B114,Scenarios[ScenarioName],C114) -> 84595.486 | G114: =E114 - F114 -> 94527.816 | H114: =E114 - D114 -> 133428.58 | I114: =IF(D114=0,"",(E114-D114)/D114) -> 2.92

Sheet DashBoard
A1: AdventureWorks FP&A Dashboard
B3: Total Actual Revenue | D3: Total Scenario Revenue | F3: Total Variance | H3: Variance % | J3: Total Profit
B4: =SUM(CalcGrid[Actual Revenue]) -> 88032611 | D4: =SUM(CalcGrid[Scenario Revenue]) -> 3.6738827e+08 | F4: =SUM(CalcGrid[[Variance ]]) -> 2.7935566e+08 | H4: =IF(SUM(CalcGrid[Actual Revenue])=0,"",SUM(CalcGrid[[Variance ]])/SUM(CalcGrid[Actual Revenue])) -> 3.1733202 | J4: =SUM(CalcGrid[Profit]) -> 1.5324899e+08
B8: Row Labels | C8: Sum of Actual Revenue | D8: Sum of Scenario Revenue | F8: Sum of Variance | G8: Column Labels | L8: Sum of Scenario Revenue | M8: Column Labels
B9: 2010 | C9: 86842.073 | D9: 361263.02 | F9: Row Labels | G9: Base | H9: Best | I9: Worst | J9: Grand Total | L9: Row Labels | M9: Base | N9: Best | O9: Worst | P9: Grand Total
B10: 2011 | C10: 21226578 | D10: 88585585 | F10: 2010 | H10: 147631.52 | I10: 126789.43 | J10: 274420.95 | L10: 2010 | N10: 191052.56 | O10: 170210.46 | P10: 361263.02
B11: 2012 | C11: 17527456 | D11: 73147915 | F11: 2011 | G11: 22641683 | H11: 24056788 | I11: 20660536 | J11: 67359007 | L11: 2011 | M11: 29717209 | N11: 31132314 | O11: 27736062 | P11: 88585585
B12: 2013 | C12: 49054651 | D12: 2.0472141e+08 | F12: 2012 | G12: 18695953 | H12: 19864450 | I12: 17060057 | J12: 55620459 | L12: 2012 | M12: 24538438 | N12: 25706935 | O12: 22902542 | P12: 73147915
B13: 2014 | C13: 137084.16 | D13: 572097.89 | F13: 2013 | G13: 52324961 | H13: 55595271 | I13: 47746527 | J13: 1.5566676e+08 | L13: 2013 | M13: 68676511 | N13: 71946821 | O13: 64098077 | P13: 2.0472141e+08
B14: Grand Total | C14: 88032611 | D14: 3.6738827e+08 | F14: 2014 | G14: 146223.1 | H14: 155362.05 | I14: 133428.58 | J14: 435013.73 | L14: 2014 | M14: 191917.82 | N14: 201056.77 | O14: 179123.3 | P14: 572097.89
F15: Grand Total | G15: 93808820 | H15: 99819503 | I15: 85727337 | J15: 2.7935566e+08 | L15: Grand Total | M15: 1.2312408e+08 | N15: 1.2917818e+08 | O15: 1.1508601e+08 | P15: 3.6738827e+08
